{
  "_fv": 57,
  "_type": "item",
  "definition": {
    "renderType": 0,
    "texture": "obsidianapple",
    "customModelName": "Normal",
    "customProperties": {},
    "states": [],
    "name": "Obsidian Apple",
    "rarity": "RARE",
    "creativeTab": {
      "value": "FOOD"
    },
    "stackSize": 64,
    "enchantability": 0,
    "useDuration": 32,
    "toolType": 1.0,
    "damageCount": 0,
    "recipeRemainder": {
      "value": ""
    },
    "destroyAnyBlock": false,
    "immuneToFire": true,
    "stayInGridWhenCrafting": false,
    "damageOnCrafting": false,
    "enableMeleeDamage": false,
    "damageVsEntity": 0.0,
    "specialInformation": {
      "fixedValue": []
    },
    "guiBoundTo": "<NONE>",
    "inventorySize": 9,
    "inventoryStackSize": 64,
    "onStoppedUsing": {
      "name": "ObsidianAppleQuandLeJoueurACesseDutiliser"
    },
    "enableRanged": false,
    "shootConstantly": false,
    "isFood": true,
    "nutritionalValue": 4,
    "saturation": 0.7,
    "eatResultItem": {
      "value": "Blocks.AIR"
    },
    "isMeat": false,
    "isAlwaysEdible": true,
    "animation": "eat"
  }
}