{
  "type": "retro_stuffs:blue_stone_ore",
  "config": {
    "size": 55,
    "discard_chance_on_air_exposure": 0,
    "targets": [
      {
        "target": {
          "predicate_type": "blockstate_match",
          "block_state": {
            "Name": "minecraft:stone"
          }
        },
        "state": {
          "Name": "retro_stuffs:blue_stone_ore"
        }
      },
      {
        "target": {
          "predicate_type": "blockstate_match",
          "block_state": {
            "Name": "minecraft:granite"
          }
        },
        "state": {
          "Name": "retro_stuffs:blue_stone_ore"
        }
      },
      {
        "target": {
          "predicate_type": "blockstate_match",
          "block_state": {
            "Name": "minecraft:diorite"
          }
        },
        "state": {
          "Name": "retro_stuffs:blue_stone_ore"
        }
      },
      {
        "target": {
          "predicate_type": "blockstate_match",
          "block_state": {
            "Name": "minecraft:andesite"
          }
        },
        "state": {
          "Name": "retro_stuffs:blue_stone_ore"
        }
      }
    ]
  }
}