{
  "variants": {
    "face=floor,facing=north": {
      "model": "retro_stuffs:block/blue_stone_piston_attractive"
    },
    "face=floor,facing=east": {
      "model": "retro_stuffs:block/blue_stone_piston_attractive",
      "y": 90
    },
    "face=floor,facing=south": {
      "model": "retro_stuffs:block/blue_stone_piston_attractive",
      "y": 180
    },
    "face=floor,facing=west": {
      "model": "retro_stuffs:block/blue_stone_piston_attractive",
      "y": 270
    },
    "face=wall,facing=north": {
      "model": "retro_stuffs:block/blue_stone_piston_attractive",
      "x": 90
    },
    "face=wall,facing=east": {
      "model": "retro_stuffs:block/blue_stone_piston_attractive",
      "x": 90,
      "y": 90
    },
    "face=wall,facing=south": {
      "model": "retro_stuffs:block/blue_stone_piston_attractive",
      "x": 90,
      "y": 180
    },
    "face=wall,facing=west": {
      "model": "retro_stuffs:block/blue_stone_piston_attractive",
      "x": 90,
      "y": 270
    },
    "face=ceiling,facing=north": {
      "model": "retro_stuffs:block/blue_stone_piston_attractive",
      "x": 180,
      "y": 180
    },
    "face=ceiling,facing=east": {
      "model": "retro_stuffs:block/blue_stone_piston_attractive",
      "x": 180,
      "y": 270
    },
    "face=ceiling,facing=south": {
      "model": "retro_stuffs:block/blue_stone_piston_attractive",
      "x": 180
    },
    "face=ceiling,facing=west": {
      "model": "retro_stuffs:block/blue_stone_piston_attractive",
      "x": 180,
      "y": 90
    }
  }
}