{
	"credit": "Made with Blockbench",
	"textures": {
		"1": "weatherdetector:block/weather_detector_top",
		"3": "weatherdetector:block/weather_detector_side",
		"4": "weatherdetector:block/weather_detector_bottom",
		"particle": "weatherdetector:block/weather_detector_top"
	},
	"elements": [
		{
			"name": "weather_detector",
			"from": [0, 0, 0],
			"to": [16, 6, 16],
			"faces": {
				"north": {"uv": [0, 10, 16, 16], "texture": "#3"},
				"east": {"uv": [0, 10, 16, 16], "texture": "#3"},
				"south": {"uv": [0, 10, 16, 16], "texture": "#3"},
				"west": {"uv": [0, 10, 16, 16], "texture": "#3"},
				"up": {"uv": [0, 0, 16, 16], "texture": "#1"},
				"down": {"uv": [0, 0, 16, 16], "texture": "#4"}
			}
		}
	],
	"display": {
		"thirdperson_righthand": {
			"rotation": [75, 45, 0],
			"translation": [0, 2.5, 0],
			"scale": [0.375, 0.375, 0.375]
		},
		"thirdperson_lefthand": {
			"rotation": [75, 45, 0],
			"translation": [0, 2.5, 0],
			"scale": [0.375, 0.375, 0.375]
		},
		"firstperson_righthand": {
			"rotation": [0, 45, 0],
			"translation": [0, 1.25, -1.75],
			"scale": [0.4, 0.4, 0.4]
		},
		"firstperson_lefthand": {
			"rotation": [0, 45, 0],
			"translation": [0, 1.25, -1.75],
			"scale": [0.4, 0.4, 0.4]
		},
		"ground": {
			"translation": [0, 3, 0],
			"scale": [0.25, 0.25, 0.25]
		},
		"gui": {
			"rotation": [30, 225, 0],
			"scale": [0.625, 0.625, 0.625]
		},
		"fixed": {
			"scale": [0.5, 0.5, 0.5]
		}
	}
}